model,direction_acc,mean_pnl_bp,daily_sharpe,rmse,mae
regime_factor_lstm,0.5162191015849552,2.880802611893248,0.5507347217579458,0.0119861941083252,0.0069694934721309
ram_fingan_v2,0.5117845117845118,2.2648705045588526,0.4540759540395628,0.0120809532934861,0.007066697690559
ram_fingan_v3,0.512646793134598,1.7984678492372612,0.37384682346328,0.0121352938200003,0.0071510785649026
baseline_lstm_xonly,0.5118666338178534,1.5656566347926608,0.3026908202043329,0.0119943413914897,0.0069699687836253
regime_econ_lstm_v4,0.5120308778845364,0.4514898628641895,0.2909404121978953,0.0121415290844553,0.007192001822132
ram_fingan_v1,0.5139196846513919,0.8536346609034056,0.2381472385317114,0.0170617072776796,0.0111998753611588
naive_ram_lstm,0.5101420711176808,1.2008879935584296,0.2309846931932513,0.01205154922666,0.0070142844803556
